--------------------------------------------------------
-- Archivo creado  - martes-enero-29-2019   
--------------------------------------------------------
--------------------------------------------------------
--  DDL for Table ALUMNOS
--------------------------------------------------------

  CREATE TABLE "TEMA6"."ALUMNOS" 
   (	"DNI" VARCHAR2(10 BYTE), 
	"APENOM" VARCHAR2(30 BYTE), 
	"DIREC" VARCHAR2(30 BYTE), 
	"POBLA" VARCHAR2(15 BYTE), 
	"TELEF" VARCHAR2(10 BYTE)
   ) SEGMENT CREATION IMMEDIATE 
  PCTFREE 10 PCTUSED 40 INITRANS 1 MAXTRANS 255 NOCOMPRESS LOGGING
  STORAGE(INITIAL 65536 NEXT 1048576 MINEXTENTS 1 MAXEXTENTS 2147483645
  PCTINCREASE 0 FREELISTS 1 FREELIST GROUPS 1 BUFFER_POOL DEFAULT FLASH_CACHE DEFAULT CELL_FLASH_CACHE DEFAULT)
  TABLESPACE "USERS" ;
--------------------------------------------------------
--  DDL for Table ALUM0405
--------------------------------------------------------

  CREATE TABLE "TEMA6"."ALUM0405" 
   (	"DNI" VARCHAR2(10 BYTE), 
	"NOMBRE" VARCHAR2(15 BYTE), 
	"APELLIDOS" VARCHAR2(20 BYTE), 
	"FECHA_NAC" DATE, 
	"DIRECCION" VARCHAR2(20 BYTE), 
	"POBLACION" VARCHAR2(20 BYTE), 
	"PROVINCIA" VARCHAR2(20 BYTE), 
	"CURSO" NUMBER(2,0), 
	"NIVEL" VARCHAR2(10 BYTE), 
	"CLASE" CHAR(1 BYTE), 
	"FALTAS1" NUMBER(2,0), 
	"FALTAS2" NUMBER(2,0), 
	"FALTAS3" NUMBER(2,0)
   ) SEGMENT CREATION IMMEDIATE 
  PCTFREE 10 PCTUSED 40 INITRANS 1 MAXTRANS 255 NOCOMPRESS LOGGING
  STORAGE(INITIAL 65536 NEXT 1048576 MINEXTENTS 1 MAXEXTENTS 2147483645
  PCTINCREASE 0 FREELISTS 1 FREELIST GROUPS 1 BUFFER_POOL DEFAULT FLASH_CACHE DEFAULT CELL_FLASH_CACHE DEFAULT)
  TABLESPACE "USERS" ;
--------------------------------------------------------
--  DDL for Table ASIGNATURAS
--------------------------------------------------------

  CREATE TABLE "TEMA6"."ASIGNATURAS" 
   (	"COD" NUMBER(2,0), 
	"NOMBRE" VARCHAR2(25 BYTE)
   ) SEGMENT CREATION IMMEDIATE 
  PCTFREE 10 PCTUSED 40 INITRANS 1 MAXTRANS 255 NOCOMPRESS LOGGING
  STORAGE(INITIAL 65536 NEXT 1048576 MINEXTENTS 1 MAXEXTENTS 2147483645
  PCTINCREASE 0 FREELISTS 1 FREELIST GROUPS 1 BUFFER_POOL DEFAULT FLASH_CACHE DEFAULT CELL_FLASH_CACHE DEFAULT)
  TABLESPACE "USERS" ;
--------------------------------------------------------
--  DDL for Table DEPART
--------------------------------------------------------

  CREATE TABLE "TEMA6"."DEPART" 
   (	"DEPT_NO" NUMBER(2,0), 
	"DNOMBRE" VARCHAR2(14 BYTE), 
	"LOC" VARCHAR2(14 BYTE)
   ) SEGMENT CREATION IMMEDIATE 
  PCTFREE 10 PCTUSED 40 INITRANS 1 MAXTRANS 255 NOCOMPRESS LOGGING
  STORAGE(INITIAL 65536 NEXT 1048576 MINEXTENTS 1 MAXEXTENTS 2147483645
  PCTINCREASE 0 FREELISTS 1 FREELIST GROUPS 1 BUFFER_POOL DEFAULT FLASH_CACHE DEFAULT CELL_FLASH_CACHE DEFAULT)
  TABLESPACE "USERS" ;
--------------------------------------------------------
--  DDL for Table EMPLE
--------------------------------------------------------

  CREATE TABLE "TEMA6"."EMPLE" 
   (	"EMP_NO" NUMBER(4,0), 
	"APELLIDO" VARCHAR2(10 BYTE), 
	"OFICIO" VARCHAR2(10 BYTE), 
	"DIR" NUMBER(4,0), 
	"FECHA_ALT" DATE, 
	"SALARIO" NUMBER(7,0), 
	"COMISION" NUMBER(7,0), 
	"DEPT_NO" NUMBER(2,0)
   ) SEGMENT CREATION IMMEDIATE 
  PCTFREE 10 PCTUSED 40 INITRANS 1 MAXTRANS 255 NOCOMPRESS LOGGING
  STORAGE(INITIAL 65536 NEXT 1048576 MINEXTENTS 1 MAXEXTENTS 2147483645
  PCTINCREASE 0 FREELISTS 1 FREELIST GROUPS 1 BUFFER_POOL DEFAULT FLASH_CACHE DEFAULT CELL_FLASH_CACHE DEFAULT)
  TABLESPACE "USERS" ;
--------------------------------------------------------
--  DDL for Table NOTAS
--------------------------------------------------------

  CREATE TABLE "TEMA6"."NOTAS" 
   (	"DNI" VARCHAR2(10 BYTE), 
	"COD" NUMBER(2,0), 
	"NOTA" NUMBER(2,0)
   ) SEGMENT CREATION IMMEDIATE 
  PCTFREE 10 PCTUSED 40 INITRANS 1 MAXTRANS 255 NOCOMPRESS LOGGING
  STORAGE(INITIAL 65536 NEXT 1048576 MINEXTENTS 1 MAXEXTENTS 2147483645
  PCTINCREASE 0 FREELISTS 1 FREELIST GROUPS 1 BUFFER_POOL DEFAULT FLASH_CACHE DEFAULT CELL_FLASH_CACHE DEFAULT)
  TABLESPACE "USERS" ;
--------------------------------------------------------
--  DDL for Table NOTAS_ALUMNOS
--------------------------------------------------------

  CREATE TABLE "TEMA6"."NOTAS_ALUMNOS" 
   (	"NOMBRE_ALUMNO" VARCHAR2(25 BYTE), 
	"NOTA1" NUMBER(2,0), 
	"NOTA2" NUMBER(2,0), 
	"NOTA3" NUMBER(2,0)
   ) SEGMENT CREATION IMMEDIATE 
  PCTFREE 10 PCTUSED 40 INITRANS 1 MAXTRANS 255 NOCOMPRESS LOGGING
  STORAGE(INITIAL 65536 NEXT 1048576 MINEXTENTS 1 MAXEXTENTS 2147483645
  PCTINCREASE 0 FREELISTS 1 FREELIST GROUPS 1 BUFFER_POOL DEFAULT FLASH_CACHE DEFAULT CELL_FLASH_CACHE DEFAULT)
  TABLESPACE "USERS" ;
REM INSERTING into TEMA6.ALUMNOS
SET DEFINE OFF;
Insert into TEMA6.ALUMNOS (DNI,APENOM,DIREC,POBLA,TELEF) values ('12344345','Alcalde Garc?a, Elena','C/Las Matas, 24','Madrid','917766545');
Insert into TEMA6.ALUMNOS (DNI,APENOM,DIREC,POBLA,TELEF) values ('4448242','Cerrato Vela, Luis','C/Mina 28 - 3A','Madrid','916566545');
Insert into TEMA6.ALUMNOS (DNI,APENOM,DIREC,POBLA,TELEF) values ('56882942','D?az Fern?ndez, Mar?a','C/Luis Vives 25','M?stoles','915577545');
REM INSERTING into TEMA6.ALUM0405
SET DEFINE OFF;
Insert into TEMA6.ALUM0405 (DNI,NOMBRE,APELLIDOS,FECHA_NAC,DIRECCION,POBLACION,PROVINCIA,CURSO,NIVEL,CLASE,FALTAS1,FALTAS2,FALTAS3) values ('34448974N','CONCHA','ESTRUCH VIDAL',to_date('10/11/85','DD/MM/RR'),'C/ MEDICO FELIX, 12','BERROCALEJO','CACERES','2','DAI','A','0','0','0');
Insert into TEMA6.ALUM0405 (DNI,NOMBRE,APELLIDOS,FECHA_NAC,DIRECCION,POBLACION,PROVINCIA,CURSO,NIVEL,CLASE,FALTAS1,FALTAS2,FALTAS3) values ('34448999N','DORA','MARTIN BRE?A',to_date('10/11/94','DD/MM/RR'),'C/ MEDICO FELIX, 10','BERROCALEJO','CACERES','1','ESO','C','0','0','0');
REM INSERTING into TEMA6.ASIGNATURAS
SET DEFINE OFF;
Insert into TEMA6.ASIGNATURAS (COD,NOMBRE) values ('1','Prog. Leng. Estr.');
Insert into TEMA6.ASIGNATURAS (COD,NOMBRE) values ('2','Sist. Inform?ticos');
Insert into TEMA6.ASIGNATURAS (COD,NOMBRE) values ('3','An?lisis');
Insert into TEMA6.ASIGNATURAS (COD,NOMBRE) values ('4','FOL');
Insert into TEMA6.ASIGNATURAS (COD,NOMBRE) values ('5','RET');
Insert into TEMA6.ASIGNATURAS (COD,NOMBRE) values ('6','Entornos Gr?ficos');
Insert into TEMA6.ASIGNATURAS (COD,NOMBRE) values ('7','Aplic. Entornos 4?Gen');
Insert into TEMA6.ASIGNATURAS (COD,NOMBRE) values ('8','Idioma');
REM INSERTING into TEMA6.DEPART
SET DEFINE OFF;
Insert into TEMA6.DEPART (DEPT_NO,DNOMBRE,LOC) values ('10','CONTABILIDAD','SEVILLA');
Insert into TEMA6.DEPART (DEPT_NO,DNOMBRE,LOC) values ('20','INVESTIGACION','MADRID');
Insert into TEMA6.DEPART (DEPT_NO,DNOMBRE,LOC) values ('30','VENTAS','BARCELONA');
Insert into TEMA6.DEPART (DEPT_NO,DNOMBRE,LOC) values ('40','PRODUCCION','BILBAO');
REM INSERTING into TEMA6.EMPLE
SET DEFINE OFF;
Insert into TEMA6.EMPLE (EMP_NO,APELLIDO,OFICIO,DIR,FECHA_ALT,SALARIO,COMISION,DEPT_NO) values ('7369','SANCHEZ','EMPLEADO','7902',to_date('17/12/90','DD/MM/RR'),'1040',null,'20');
Insert into TEMA6.EMPLE (EMP_NO,APELLIDO,OFICIO,DIR,FECHA_ALT,SALARIO,COMISION,DEPT_NO) values ('7499','ARROYO','VENDEDOR','7698',to_date('20/02/90','DD/MM/RR'),'1500','390','30');
Insert into TEMA6.EMPLE (EMP_NO,APELLIDO,OFICIO,DIR,FECHA_ALT,SALARIO,COMISION,DEPT_NO) values ('7521','SALA','VENDEDOR','7698',to_date('22/02/91','DD/MM/RR'),'1625','650','30');
Insert into TEMA6.EMPLE (EMP_NO,APELLIDO,OFICIO,DIR,FECHA_ALT,SALARIO,COMISION,DEPT_NO) values ('7566','JIMENEZ','DIRECTOR','7839',to_date('02/04/91','DD/MM/RR'),'2900',null,'20');
Insert into TEMA6.EMPLE (EMP_NO,APELLIDO,OFICIO,DIR,FECHA_ALT,SALARIO,COMISION,DEPT_NO) values ('7654','MARTIN','VENDEDOR','7698',to_date('29/09/91','DD/MM/RR'),'1600','1020','30');
Insert into TEMA6.EMPLE (EMP_NO,APELLIDO,OFICIO,DIR,FECHA_ALT,SALARIO,COMISION,DEPT_NO) values ('7698','NEGRO','DIRECTOR','7839',to_date('01/05/91','DD/MM/RR'),'3005',null,'30');
Insert into TEMA6.EMPLE (EMP_NO,APELLIDO,OFICIO,DIR,FECHA_ALT,SALARIO,COMISION,DEPT_NO) values ('7782','CEREZO','DIRECTOR','7839',to_date('09/06/91','DD/MM/RR'),'2885',null,'10');
Insert into TEMA6.EMPLE (EMP_NO,APELLIDO,OFICIO,DIR,FECHA_ALT,SALARIO,COMISION,DEPT_NO) values ('7788','GIL','ANALISTA','7566',to_date('09/11/91','DD/MM/RR'),'3000',null,'20');
Insert into TEMA6.EMPLE (EMP_NO,APELLIDO,OFICIO,DIR,FECHA_ALT,SALARIO,COMISION,DEPT_NO) values ('7839','REY','PRESIDENTE',null,to_date('17/11/91','DD/MM/RR'),'4100',null,'10');
Insert into TEMA6.EMPLE (EMP_NO,APELLIDO,OFICIO,DIR,FECHA_ALT,SALARIO,COMISION,DEPT_NO) values ('7844','TOVAR','VENDEDOR','7698',to_date('08/09/91','DD/MM/RR'),'1350','0','30');
Insert into TEMA6.EMPLE (EMP_NO,APELLIDO,OFICIO,DIR,FECHA_ALT,SALARIO,COMISION,DEPT_NO) values ('7876','ALONSO','EMPLEADO','7788',to_date('23/09/91','DD/MM/RR'),'1430',null,'20');
Insert into TEMA6.EMPLE (EMP_NO,APELLIDO,OFICIO,DIR,FECHA_ALT,SALARIO,COMISION,DEPT_NO) values ('7900','JIMENO','EMPLEADO','7698',to_date('03/12/91','DD/MM/RR'),'1335',null,'30');
Insert into TEMA6.EMPLE (EMP_NO,APELLIDO,OFICIO,DIR,FECHA_ALT,SALARIO,COMISION,DEPT_NO) values ('7902','FERNANDEZ','ANALISTA','7566',to_date('03/12/91','DD/MM/RR'),'3000',null,'20');
Insert into TEMA6.EMPLE (EMP_NO,APELLIDO,OFICIO,DIR,FECHA_ALT,SALARIO,COMISION,DEPT_NO) values ('7934','MU?OZ','EMPLEADO','7782',to_date('23/01/92','DD/MM/RR'),'1690',null,'10');
REM INSERTING into TEMA6.NOTAS
SET DEFINE OFF;
Insert into TEMA6.NOTAS (DNI,COD,NOTA) values ('12344345','1','6');
Insert into TEMA6.NOTAS (DNI,COD,NOTA) values ('12344345','2','5');
Insert into TEMA6.NOTAS (DNI,COD,NOTA) values ('12344345','3','6');
Insert into TEMA6.NOTAS (DNI,COD,NOTA) values ('4448242','4','6');
Insert into TEMA6.NOTAS (DNI,COD,NOTA) values ('4448242','5','8');
Insert into TEMA6.NOTAS (DNI,COD,NOTA) values ('4448242','6','4');
Insert into TEMA6.NOTAS (DNI,COD,NOTA) values ('4448242','7','5');
Insert into TEMA6.NOTAS (DNI,COD,NOTA) values ('56882942','4','8');
Insert into TEMA6.NOTAS (DNI,COD,NOTA) values ('56882942','5','7');
Insert into TEMA6.NOTAS (DNI,COD,NOTA) values ('56882942','6','8');
Insert into TEMA6.NOTAS (DNI,COD,NOTA) values ('56882942','7','9');
REM INSERTING into TEMA6.NOTAS_ALUMNOS
SET DEFINE OFF;
Insert into TEMA6.NOTAS_ALUMNOS (NOMBRE_ALUMNO,NOTA1,NOTA2,NOTA3) values ('Benito Mart?n, Luis','7','6','8');
Insert into TEMA6.NOTAS_ALUMNOS (NOMBRE_ALUMNO,NOTA1,NOTA2,NOTA3) values ('Casas Mart?nez, Manuel','7','5','5');
Insert into TEMA6.NOTAS_ALUMNOS (NOMBRE_ALUMNO,NOTA1,NOTA2,NOTA3) values ('Corregidor S?nchez, Ana','6','9','8');
Insert into TEMA6.NOTAS_ALUMNOS (NOMBRE_ALUMNO,NOTA1,NOTA2,NOTA3) values ('D?az S?nchez, Maria',null,null,'7');
--------------------------------------------------------
--  DDL for Index PK_ALUMNOS
--------------------------------------------------------

  CREATE UNIQUE INDEX "TEMA6"."PK_ALUMNOS" ON "TEMA6"."ALUMNOS" ("DNI") 
  PCTFREE 10 INITRANS 2 MAXTRANS 255 
  STORAGE(INITIAL 65536 NEXT 1048576 MINEXTENTS 1 MAXEXTENTS 2147483645
  PCTINCREASE 0 FREELISTS 1 FREELIST GROUPS 1 BUFFER_POOL DEFAULT FLASH_CACHE DEFAULT CELL_FLASH_CACHE DEFAULT)
  TABLESPACE "USERS" ;
--------------------------------------------------------
--  DDL for Index PK_NOTAS1
--------------------------------------------------------

  CREATE UNIQUE INDEX "TEMA6"."PK_NOTAS1" ON "TEMA6"."NOTAS" ("DNI", "COD", "NOTA") 
  PCTFREE 10 INITRANS 2 MAXTRANS 255 
  STORAGE(INITIAL 65536 NEXT 1048576 MINEXTENTS 1 MAXEXTENTS 2147483645
  PCTINCREASE 0 FREELISTS 1 FREELIST GROUPS 1 BUFFER_POOL DEFAULT FLASH_CACHE DEFAULT CELL_FLASH_CACHE DEFAULT)
  TABLESPACE "USERS" ;
--------------------------------------------------------
--  DDL for Index PK_DEPT
--------------------------------------------------------

  CREATE UNIQUE INDEX "TEMA6"."PK_DEPT" ON "TEMA6"."DEPART" ("DEPT_NO") 
  PCTFREE 10 INITRANS 2 MAXTRANS 255 
  STORAGE(INITIAL 65536 NEXT 1048576 MINEXTENTS 1 MAXEXTENTS 2147483645
  PCTINCREASE 0 FREELISTS 1 FREELIST GROUPS 1 BUFFER_POOL DEFAULT FLASH_CACHE DEFAULT CELL_FLASH_CACHE DEFAULT)
  TABLESPACE "USERS" ;
--------------------------------------------------------
--  DDL for Index PK_ASIGNATURAS
--------------------------------------------------------

  CREATE UNIQUE INDEX "TEMA6"."PK_ASIGNATURAS" ON "TEMA6"."ASIGNATURAS" ("COD") 
  PCTFREE 10 INITRANS 2 MAXTRANS 255 
  STORAGE(INITIAL 65536 NEXT 1048576 MINEXTENTS 1 MAXEXTENTS 2147483645
  PCTINCREASE 0 FREELISTS 1 FREELIST GROUPS 1 BUFFER_POOL DEFAULT FLASH_CACHE DEFAULT CELL_FLASH_CACHE DEFAULT)
  TABLESPACE "USERS" ;
--------------------------------------------------------
--  DDL for Index PK_NOTAS
--------------------------------------------------------

  CREATE UNIQUE INDEX "TEMA6"."PK_NOTAS" ON "TEMA6"."NOTAS_ALUMNOS" ("NOMBRE_ALUMNO") 
  PCTFREE 10 INITRANS 2 MAXTRANS 255 
  STORAGE(INITIAL 65536 NEXT 1048576 MINEXTENTS 1 MAXEXTENTS 2147483645
  PCTINCREASE 0 FREELISTS 1 FREELIST GROUPS 1 BUFFER_POOL DEFAULT FLASH_CACHE DEFAULT CELL_FLASH_CACHE DEFAULT)
  TABLESPACE "USERS" ;
--------------------------------------------------------
--  DDL for Index PK_EMPNO
--------------------------------------------------------

  CREATE UNIQUE INDEX "TEMA6"."PK_EMPNO" ON "TEMA6"."EMPLE" ("EMP_NO") 
  PCTFREE 10 INITRANS 2 MAXTRANS 255 
  STORAGE(INITIAL 65536 NEXT 1048576 MINEXTENTS 1 MAXEXTENTS 2147483645
  PCTINCREASE 0 FREELISTS 1 FREELIST GROUPS 1 BUFFER_POOL DEFAULT FLASH_CACHE DEFAULT CELL_FLASH_CACHE DEFAULT)
  TABLESPACE "USERS" ;
--------------------------------------------------------
--  Constraints for Table NOTAS
--------------------------------------------------------

  ALTER TABLE "TEMA6"."NOTAS" ADD CONSTRAINT "PK_NOTAS1" PRIMARY KEY ("DNI", "COD", "NOTA")
  USING INDEX PCTFREE 10 INITRANS 2 MAXTRANS 255 
  STORAGE(INITIAL 65536 NEXT 1048576 MINEXTENTS 1 MAXEXTENTS 2147483645
  PCTINCREASE 0 FREELISTS 1 FREELIST GROUPS 1 BUFFER_POOL DEFAULT FLASH_CACHE DEFAULT CELL_FLASH_CACHE DEFAULT)
  TABLESPACE "USERS"  ENABLE;
  ALTER TABLE "TEMA6"."NOTAS" MODIFY ("COD" NOT NULL ENABLE);
  ALTER TABLE "TEMA6"."NOTAS" MODIFY ("DNI" NOT NULL ENABLE);
--------------------------------------------------------
--  Constraints for Table NOTAS_ALUMNOS
--------------------------------------------------------

  ALTER TABLE "TEMA6"."NOTAS_ALUMNOS" ADD CONSTRAINT "PK_NOTAS" PRIMARY KEY ("NOMBRE_ALUMNO")
  USING INDEX PCTFREE 10 INITRANS 2 MAXTRANS 255 
  STORAGE(INITIAL 65536 NEXT 1048576 MINEXTENTS 1 MAXEXTENTS 2147483645
  PCTINCREASE 0 FREELISTS 1 FREELIST GROUPS 1 BUFFER_POOL DEFAULT FLASH_CACHE DEFAULT CELL_FLASH_CACHE DEFAULT)
  TABLESPACE "USERS"  ENABLE;
  ALTER TABLE "TEMA6"."NOTAS_ALUMNOS" MODIFY ("NOMBRE_ALUMNO" NOT NULL ENABLE);
--------------------------------------------------------
--  Constraints for Table ALUM0405
--------------------------------------------------------

  ALTER TABLE "TEMA6"."ALUM0405" MODIFY ("CLASE" NOT NULL ENABLE);
  ALTER TABLE "TEMA6"."ALUM0405" MODIFY ("NIVEL" NOT NULL ENABLE);
  ALTER TABLE "TEMA6"."ALUM0405" MODIFY ("CURSO" NOT NULL ENABLE);
  ALTER TABLE "TEMA6"."ALUM0405" MODIFY ("APELLIDOS" NOT NULL ENABLE);
  ALTER TABLE "TEMA6"."ALUM0405" MODIFY ("NOMBRE" NOT NULL ENABLE);
  ALTER TABLE "TEMA6"."ALUM0405" MODIFY ("DNI" NOT NULL ENABLE);
--------------------------------------------------------
--  Constraints for Table DEPART
--------------------------------------------------------

  ALTER TABLE "TEMA6"."DEPART" ADD CONSTRAINT "PK_DEPT" PRIMARY KEY ("DEPT_NO")
  USING INDEX PCTFREE 10 INITRANS 2 MAXTRANS 255 
  STORAGE(INITIAL 65536 NEXT 1048576 MINEXTENTS 1 MAXEXTENTS 2147483645
  PCTINCREASE 0 FREELISTS 1 FREELIST GROUPS 1 BUFFER_POOL DEFAULT FLASH_CACHE DEFAULT CELL_FLASH_CACHE DEFAULT)
  TABLESPACE "USERS"  ENABLE;
  ALTER TABLE "TEMA6"."DEPART" MODIFY ("DEPT_NO" NOT NULL ENABLE);
--------------------------------------------------------
--  Constraints for Table EMPLE
--------------------------------------------------------

  ALTER TABLE "TEMA6"."EMPLE" ADD CONSTRAINT "PK_EMPNO" PRIMARY KEY ("EMP_NO")
  USING INDEX PCTFREE 10 INITRANS 2 MAXTRANS 255 
  STORAGE(INITIAL 65536 NEXT 1048576 MINEXTENTS 1 MAXEXTENTS 2147483645
  PCTINCREASE 0 FREELISTS 1 FREELIST GROUPS 1 BUFFER_POOL DEFAULT FLASH_CACHE DEFAULT CELL_FLASH_CACHE DEFAULT)
  TABLESPACE "USERS"  ENABLE;
  ALTER TABLE "TEMA6"."EMPLE" MODIFY ("DEPT_NO" NOT NULL ENABLE);
  ALTER TABLE "TEMA6"."EMPLE" MODIFY ("EMP_NO" NOT NULL ENABLE);
--------------------------------------------------------
--  Constraints for Table ALUMNOS
--------------------------------------------------------

  ALTER TABLE "TEMA6"."ALUMNOS" ADD CONSTRAINT "PK_ALUMNOS" PRIMARY KEY ("DNI")
  USING INDEX PCTFREE 10 INITRANS 2 MAXTRANS 255 
  STORAGE(INITIAL 65536 NEXT 1048576 MINEXTENTS 1 MAXEXTENTS 2147483645
  PCTINCREASE 0 FREELISTS 1 FREELIST GROUPS 1 BUFFER_POOL DEFAULT FLASH_CACHE DEFAULT CELL_FLASH_CACHE DEFAULT)
  TABLESPACE "USERS"  ENABLE;
  ALTER TABLE "TEMA6"."ALUMNOS" MODIFY ("DNI" NOT NULL ENABLE);
--------------------------------------------------------
--  Constraints for Table ASIGNATURAS
--------------------------------------------------------

  ALTER TABLE "TEMA6"."ASIGNATURAS" ADD CONSTRAINT "PK_ASIGNATURAS" PRIMARY KEY ("COD")
  USING INDEX PCTFREE 10 INITRANS 2 MAXTRANS 255 
  STORAGE(INITIAL 65536 NEXT 1048576 MINEXTENTS 1 MAXEXTENTS 2147483645
  PCTINCREASE 0 FREELISTS 1 FREELIST GROUPS 1 BUFFER_POOL DEFAULT FLASH_CACHE DEFAULT CELL_FLASH_CACHE DEFAULT)
  TABLESPACE "USERS"  ENABLE;
  ALTER TABLE "TEMA6"."ASIGNATURAS" MODIFY ("COD" NOT NULL ENABLE);
--------------------------------------------------------
--  Ref Constraints for Table EMPLE
--------------------------------------------------------

  ALTER TABLE "TEMA6"."EMPLE" ADD CONSTRAINT "FK_EMPLE_DEPART" FOREIGN KEY ("DEPT_NO")
	  REFERENCES "TEMA6"."DEPART" ("DEPT_NO") ENABLE;
--------------------------------------------------------
--  Ref Constraints for Table NOTAS
--------------------------------------------------------

  ALTER TABLE "TEMA6"."NOTAS" ADD CONSTRAINT "FK_NOTAS_ALUMNOS" FOREIGN KEY ("DNI")
	  REFERENCES "TEMA6"."ALUMNOS" ("DNI") ENABLE;
  ALTER TABLE "TEMA6"."NOTAS" ADD CONSTRAINT "FK_NOTAS_ASIGNATURAS" FOREIGN KEY ("COD")
	  REFERENCES "TEMA6"."ASIGNATURAS" ("COD") ENABLE;
